"Strategy","Units","Contacts_Small","Contacts_Large"
"Size=5,D=0.005",406,2114.26931780803,4194.61517997013
"Size=2,D=0.005",2090,11193.5560224952,11437.5820099334
"Growth,size=5,W=6mo,D=0.01",20,237.007151737091,413.516968028933
"Random allocation",30,94.8235347020174,94.8235347020174
"RITA",3753,12257.8771034261,12257.8771034261
"Network,partners>4",5620,28509.8676440671,28509.8676440671
